count,trial,repeat,evict_kb,result,exit_code,min_time,score,seconds,used_samples,ignored_samples
45000,1,50,2048,FAIL,2,112,16463.061,40,44948,52
10000,10,50,2048,FAIL,2,118,17327.787,10,9989,11
400000,9,50,2048,PASS,0,108,16872.181,372,399592,408
40000,9,50,2048,FAIL,2,108,17030.046,37,39951,49
75000,8,50,2048,FAIL,2,110,17016.913,71,74921,79
75000,6,50,2048,FAIL,2,121,17618.217,71,74931,69
300000,8,50,2048,PASS,0,108,17666.105,281,299742,258
20000,8,50,2048,FAIL,2,120,17168.242,19,19991,9
30000,8,50,2048,FAIL,2,124,18087.421,29,29987,13
400000,3,50,2048,PASS,0,113,17073.863,375,399711,289
40000,4,50,2048,FAIL,2,120,17226.382,38,39963,37
35000,2,50,2048,FAIL,2,125,17605.952,33,34988,12
10000,5,50,2048,FAIL,2,127,17690.248,10,9997,3
500000,6,50,2048,PASS,0,113,17080.351,470,499578,422
60000,7,50,2048,FAIL,2,119,17793.209,56,59948,52
40000,5,50,2048,FAIL,2,117,17237.274,38,39978,22
10000,9,50,2048,FAIL,2,125,17723.176,9,9992,8
100000,4,50,2048,PASS,0,114,17625.677,94,99919,81
300000,10,50,2048,PASS,0,119,17692.805,282,299780,220
20000,10,50,2048,FAIL,2,122,17737.853,19,19984,16
150000,6,50,2048,PASS,0,115,17039.118,141,149879,121
250000,3,50,2048,PASS,0,117,17773.186,235,249804,196
60000,2,50,2048,FAIL,2,121,17684.606,57,59950,50
20000,1,50,2048,FAIL,2,121,16995.650,19,19987,13
20000,2,50,2048,FAIL,2,126,17665.084,19,19990,10
300000,4,50,2048,PASS,0,118,17737.014,282,299776,224
25000,1,50,2048,FAIL,2,122,17092.449,23,24983,17
40000,3,50,2048,FAIL,2,122,17594.516,38,39969,31
150000,3,50,2048,PASS,0,116,17992.423,141,149872,128
75000,10,50,2048,FAIL,2,120,17069.919,71,74955,45
20000,5,50,2048,FAIL,2,124,17661.473,19,19986,14
45000,2,50,2048,FAIL,2,119,17060.887,42,44964,36
500000,1,50,2048,PASS,0,116,17795.107,470,499629,371
45000,9,50,2048,FAIL,2,116,18244.340,42,44965,35
75000,1,50,2048,FAIL,2,117,17816.831,71,74892,108
250000,6,50,2048,PASS,0,117,16947.440,235,249814,186
400000,4,50,2048,PASS,0,118,17191.154,376,399668,332
35000,1,50,2048,FAIL,2,116,17263.848,33,34965,35
35000,8,50,2048,FAIL,2,119,17516.829,33,34970,30
35000,5,50,2048,FAIL,2,130,19244.227,33,34983,17
150000,9,50,2048,PASS,0,119,17054.923,142,149892,108
30000,4,50,2048,FAIL,2,120,17685.161,28,29981,19
250000,9,50,2048,PASS,0,119,17940.427,235,249800,200
30000,7,50,2048,FAIL,2,119,17776.395,28,29974,26
300000,7,50,2048,PASS,0,114,17642.891,282,299749,251
500000,8,50,2048,PASS,0,118,17705.241,470,499578,422
150000,1,50,2048,FAIL,2,118,17772.994,141,149883,117
60000,9,50,2048,FAIL,2,120,17297.815,58,59957,43
500000,10,50,2048,PASS,0,113,17009.376,471,499424,576
30000,1,50,2048,FAIL,2,118,17089.215,28,29967,33
75000,2,50,2048,FAIL,2,115,17139.264,71,74940,60
25000,5,50,2048,FAIL,2,121,17734.429,23,24970,30
40000,8,50,2048,FAIL,2,122,18094.946,38,39955,45
150000,10,50,2048,PASS,0,106,16988.671,141,149857,143
35000,9,50,2048,FAIL,2,120,17938.355,33,34970,30
50000,1,50,2048,FAIL,2,118,17338.904,48,49961,39
10000,1,50,2048,FAIL,2,122,17595.094,9,9992,8
300000,9,50,2048,PASS,0,114,17680.136,282,299755,245
100000,8,50,2048,FAIL,2,115,17563.256,94,99937,63
30000,3,50,2048,FAIL,2,116,17009.795,29,29970,30
60000,4,50,2048,FAIL,2,120,17631.002,56,59938,62
25000,8,50,2048,FAIL,2,123,17692.744,24,24978,22
25000,2,50,2048,FAIL,2,125,17632.968,24,24984,16
50000,3,50,2048,FAIL,2,122,17020.669,47,49967,33
60000,10,50,2048,PASS,0,118,17727.878,56,59949,51
60000,3,50,2048,FAIL,2,119,17069.882,57,59956,44
250000,5,50,2048,PASS,0,118,17199.881,235,249822,178
75000,9,50,2048,PASS,0,118,17781.463,70,74922,78
200000,1,50,2048,PASS,0,112,17062.944,188,199852,148
60000,6,50,2048,FAIL,2,127,17937.017,57,59961,39
10000,7,50,2048,FAIL,2,120,17836.149,9,9991,9
45000,5,50,2048,FAIL,2,119,17725.701,43,44971,29
250000,8,50,2048,PASS,0,115,17276.544,235,249799,201
150000,4,50,2048,PASS,0,120,17713.240,141,149814,186
150000,5,50,2048,PASS,0,116,17738.991,141,149826,174
50000,2,50,2048,FAIL,2,113,17138.476,47,49931,69
25000,10,50,2048,FAIL,2,116,16891.636,24,24973,27
25000,9,50,2048,FAIL,2,126,17947.977,24,24982,18
200000,2,50,2048,PASS,0,114,17002.693,188,199804,196
20000,4,50,2048,FAIL,2,118,17063.503,19,19981,19
20000,3,50,2048,FAIL,2,118,17211.848,19,19976,24
20000,9,50,2048,FAIL,2,124,17731.210,18,19986,14
400000,2,50,2048,PASS,0,114,17675.880,376,399619,381
200000,6,50,2048,PASS,0,114,17136.738,188,199851,149
250000,4,50,2048,PASS,0,115,17308.920,235,249795,205
35000,3,50,2048,FAIL,2,120,17103.768,33,34977,23
50000,7,50,2048,FAIL,2,123,17576.947,47,49967,33
40000,7,50,2048,FAIL,2,119,17284.410,38,39963,37
30000,10,50,2048,FAIL,2,119,17045.520,28,29976,24
35000,10,50,2048,FAIL,2,120,16842.087,33,34987,13
300000,1,50,2048,PASS,0,119,17877.623,282,299748,252
40000,2,50,2048,FAIL,2,121,17160.137,38,39971,29
20000,7,50,2048,FAIL,2,118,17405.328,19,19982,18
45000,3,50,2048,PASS,0,112,17704.751,42,44958,42
200000,9,50,2048,PASS,0,120,17971.332,188,199839,161
300000,2,50,2048,PASS,0,117,17121.985,282,299783,217
45000,6,50,2048,FAIL,2,115,17064.091,43,44966,34
400000,7,50,2048,PASS,0,111,17784.922,376,399671,329
75000,3,50,2048,FAIL,2,119,17628.575,71,74944,56
10000,6,50,2048,FAIL,2,122,17236.792,9,9993,7
60000,5,50,2048,FAIL,2,121,17153.474,57,59961,39
40000,1,50,2048,FAIL,2,127,17945.497,38,39980,20
35000,6,50,2048,FAIL,2,123,17006.799,33,34978,22
100000,9,50,2048,FAIL,2,115,18341.178,94,99921,79
20000,6,50,2048,FAIL,2,128,19215.600,19,19985,15
150000,7,50,2048,PASS,0,121,17154.613,141,149908,92
250000,7,50,2048,PASS,0,118,17714.731,235,249795,205
75000,5,50,2048,FAIL,2,114,17057.384,70,74945,55
500000,7,50,2048,PASS,0,115,17144.812,470,499782,218
25000,7,50,2048,FAIL,2,118,17328.765,24,24980,20
400000,6,50,2048,PASS,0,116,17344.756,376,399692,308
100000,6,50,2048,FAIL,2,120,17760.600,94,99905,95
50000,6,50,2048,FAIL,2,117,17253.511,47,49962,38
50000,8,50,2048,FAIL,2,118,16987.189,47,49966,34
45000,4,50,2048,FAIL,2,124,17797.843,43,44958,42
60000,1,50,2048,FAIL,2,116,17647.541,57,59955,45
100000,3,50,2048,FAIL,2,118,17678.445,94,99913,87
50000,5,50,2048,FAIL,2,117,17087.956,47,49957,43
150000,8,50,2048,FAIL,2,116,16907.236,141,149881,119
500000,5,50,2048,PASS,0,116,17010.142,470,499628,372
35000,4,50,2048,FAIL,2,121,17704.366,33,34962,38
50000,4,50,2048,FAIL,2,116,16809.612,47,49962,38
300000,5,50,2048,PASS,0,115,17428.827,282,299756,244
50000,10,50,2048,FAIL,2,119,16993.878,47,49957,43
45000,10,50,2048,FAIL,2,128,18353.968,43,44966,34
30000,5,50,2048,FAIL,2,120,17004.591,28,29966,34
100000,2,50,2048,PASS,0,116,17050.029,94,99913,87
400000,8,50,2048,PASS,0,115,17675.728,376,399676,324
200000,3,50,2048,PASS,0,117,17737.693,188,199754,246
10000,3,50,2048,FAIL,2,116,16948.091,10,9986,14
500000,2,50,2048,PASS,0,111,17069.172,470,499481,519
25000,4,50,2048,FAIL,2,119,17268.710,24,24961,39
10000,4,50,2048,FAIL,2,124,17986.114,9,9970,30
40000,10,50,2048,FAIL,2,119,17766.892,38,39970,30
200000,4,50,2048,PASS,0,117,17490.702,188,199835,165
400000,1,50,2048,PASS,0,116,17559.217,376,399679,321
100000,5,50,2048,PASS,0,120,17725.135,94,99907,93
500000,9,50,2048,PASS,0,117,17633.275,470,499578,422
75000,7,50,2048,FAIL,2,120,17066.687,71,74944,56
100000,7,50,2048,FAIL,2,118,17360.319,94,99926,74
100000,1,50,2048,PASS,0,119,17347.386,94,99928,72
250000,10,50,2048,PASS,0,117,18012.137,235,249804,196
50000,9,50,2048,FAIL,2,121,17622.090,47,49971,29
300000,3,50,2048,PASS,0,112,17019.698,282,299756,244
200000,8,50,2048,PASS,0,116,16954.740,188,199831,169
400000,5,50,2048,PASS,0,113,17678.955,376,399694,306
250000,1,50,2048,PASS,0,116,17439.090,235,249816,184
75000,4,50,2048,FAIL,2,118,17122.459,71,74941,59
25000,6,50,2048,FAIL,2,122,17015.302,24,24976,24
45000,8,50,2048,FAIL,2,119,17570.163,42,44973,27
35000,7,50,2048,FAIL,2,115,17006.459,33,34974,26
500000,4,50,2048,PASS,0,115,18031.718,475,499584,416
30000,6,50,2048,FAIL,2,119,17737.354,29,29971,29
30000,2,50,2048,FAIL,2,118,17266.481,28,29984,16
200000,10,50,2048,PASS,0,116,17691.299,188,199843,157
40000,6,50,2048,FAIL,2,121,17732.164,38,39968,32
500000,3,50,2048,PASS,0,115,17073.436,470,499582,418
25000,3,50,2048,FAIL,2,122,17313.685,23,24984,16
10000,2,50,2048,FAIL,2,123,17068.065,9,9993,7
300000,6,50,2048,PASS,0,116,17790.249,282,299777,223
250000,2,50,2048,FAIL,2,119,17451.496,235,249848,152
400000,10,50,2048,FAIL,2,117,18555.375,376,399677,323
30000,9,50,2048,FAIL,2,118,17085.366,28,29981,19
150000,2,50,2048,PASS,0,117,17151.015,142,149883,117
100000,10,50,2048,PASS,0,119,17165.098,94,99941,59
200000,5,50,2048,PASS,0,114,17779.825,188,199852,148
60000,8,50,2048,FAIL,2,125,18060.417,59,59965,35
10000,8,50,2048,FAIL,2,121,16995.725,9,9993,7
45000,7,50,2048,FAIL,2,117,17031.263,42,44956,44
200000,7,50,2048,PASS,0,117,17724.457,190,199853,147
