sweep,count,repeat,evict_kb,trial,result,exit_code,min_time,score,seconds,used_samples,ignored_samples
evict,100000,50,1024,3,FAIL,2,11375,1500687.877,43,99962,38
evict,100000,50,4096,3,FAIL,2,11751,1531943.721,165,99973,27
evict,100000,50,512,9,FAIL,2,11119,1489829.996,21,99983,17
repeat,100000,50,2048,3,FAIL,2,11622,1525374.281,82,99981,19
evict,100000,50,256,10,FAIL,2,12043,1583576.371,12,99992,8
evict,100000,50,2048,3,FAIL,2,11917,1553905.389,82,99974,26
evict,100000,50,4096,4,FAIL,2,11876,1546715.558,165,99983,17
repeat,100000,100,2048,10,FAIL,2,23582,3059874.318,164,99993,7
repeat,100000,10,2048,10,FAIL,2,2334,318216.774,17,99950,50
repeat,100000,30,2048,9,FAIL,2,6914,909669.048,50,99968,32
repeat,100000,100,2048,3,FAIL,2,23289,3032786.293,164,99997,3
evict,100000,50,1024,7,FAIL,2,11170,1512405.822,42,99982,18
repeat,100000,100,2048,9,FAIL,2,23417,3060452.785,164,99997,3
repeat,100000,10,2048,7,FAIL,2,2122,302563.094,16,99954,46
repeat,100000,30,2048,10,FAIL,2,6749,909781.054,50,99971,29
repeat,100000,30,2048,1,FAIL,2,6667,900303.403,49,99975,25
repeat,100000,75,2048,3,FAIL,2,17584,2277261.216,124,99996,4
repeat,100000,75,2048,6,FAIL,2,17415,2274382.188,123,99994,6
repeat,100000,20,2048,8,FAIL,2,4497,605762.684,33,99901,99
evict,100000,50,256,9,FAIL,2,10833,1476776.461,11,99984,16
repeat,100000,100,2048,7,FAIL,2,23336,3010610.561,165,99989,11
repeat,100000,20,2048,9,FAIL,2,4498,605190.101,33,99901,99
evict,100000,50,512,3,FAIL,2,10912,1474785.839,22,99979,21
evict,100000,50,1024,4,FAIL,2,11168,1504586.663,41,99982,18
repeat,100000,20,2048,5,FAIL,2,4374,605217.382,33,99933,67
repeat,100000,30,2048,7,FAIL,2,6872,909213.836,50,99979,21
repeat,100000,75,2048,5,FAIL,2,17169,2262169.952,123,99998,2
evict,100000,50,1024,5,FAIL,2,11388,1502394.041,42,99972,28
evict,100000,50,4096,2,FAIL,2,12001,1557900.364,164,99984,16
repeat,100000,50,2048,10,FAIL,2,11371,1511089.239,82,99986,14
repeat,100000,50,2048,4,FAIL,2,11376,1508362.745,82,99983,17
repeat,100000,75,2048,7,FAIL,2,17540,2290081.056,125,99997,3
repeat,100000,30,2048,2,FAIL,2,6706,904459.264,49,99966,34
evict,100000,50,4096,1,FAIL,2,11626,1519686.146,165,99984,16
evict,100000,50,2048,5,FAIL,2,11581,1535083.582,82,99983,17
evict,100000,50,4096,8,FAIL,2,11834,1552654.799,164,99981,19
evict,100000,50,2048,8,FAIL,2,11707,1530126.263,82,99984,16
evict,100000,50,1024,2,FAIL,2,11251,1511005.261,42,99983,17
evict,100000,50,4096,5,FAIL,2,11916,1547440.623,164,99981,19
repeat,100000,100,2048,4,FAIL,2,22966,3021149.660,164,99998,2
repeat,100000,20,2048,1,FAIL,2,4417,604871.734,33,99938,62
repeat,100000,10,2048,3,FAIL,2,2164,300812.750,17,99964,36
repeat,100000,30,2048,6,FAIL,2,6677,903677.284,49,99975,25
repeat,100000,20,2048,2,FAIL,2,4498,605111.911,33,99920,80
repeat,100000,75,2048,1,FAIL,2,17459,2266649.935,123,99997,3
repeat,100000,30,2048,8,FAIL,2,6705,906032.842,50,99962,38
evict,100000,50,4096,9,FAIL,2,11750,1531967.326,166,99990,10
repeat,100000,10,2048,1,FAIL,2,2125,301490.043,16,99945,55
evict,100000,50,4096,6,FAIL,2,11916,1559802.513,164,99985,15
repeat,100000,10,2048,4,FAIL,2,2125,300938.170,17,99960,40
evict,100000,50,256,3,FAIL,2,10916,1471358.976,11,99990,10
repeat,100000,100,2048,2,FAIL,2,23167,3017363.480,164,99999,1
repeat,100000,20,2048,4,FAIL,2,4374,600938.494,33,99920,80
repeat,100000,10,2048,8,FAIL,2,2208,304072.196,17,99958,42
repeat,100000,50,2048,1,FAIL,2,11452,1510900.041,82,99983,17
repeat,100000,100,2048,5,FAIL,2,24168,3141560.849,164,99997,3
repeat,100000,20,2048,10,FAIL,2,4540,610856.788,33,99921,79
evict,100000,50,256,6,FAIL,2,10750,1471551.671,11,99982,18
repeat,100000,30,2048,4,FAIL,2,6835,908275.504,50,99974,26
repeat,100000,10,2048,5,FAIL,2,2123,304560.390,16,99957,43
evict,100000,50,1024,6,FAIL,2,11125,1487737.453,41,99984,16
repeat,100000,10,2048,2,FAIL,2,2206,302841.535,17,99957,43
evict,100000,50,256,2,FAIL,2,10626,1476062.838,11,99964,36
repeat,100000,50,2048,8,FAIL,2,11456,1504595.558,82,99978,22
evict,100000,50,1024,9,FAIL,2,10960,1485701.384,42,99981,19
evict,100000,50,2048,2,FAIL,2,11410,1510054.826,82,99987,13
repeat,100000,10,2048,6,FAIL,2,2164,302801.201,17,99953,47
repeat,100000,20,2048,7,FAIL,2,4370,601947.604,33,99920,80
repeat,100000,75,2048,4,FAIL,2,17289,2294357.295,123,99997,3
evict,100000,50,2048,9,FAIL,2,11456,1514784.125,82,99984,16
repeat,100000,75,2048,2,FAIL,2,17334,2255205.757,125,99997,3
evict,100000,50,512,2,FAIL,2,10911,1480618.085,22,99972,28
repeat,100000,20,2048,3,FAIL,2,4418,611485.785,33,99922,78
evict,100000,50,512,4,FAIL,2,11296,1495604.994,21,99981,19
evict,100000,50,1024,10,FAIL,2,11351,1505998.848,42,99996,4
evict,100000,50,1024,1,FAIL,2,11249,1499276.000,42,99980,20
repeat,100000,75,2048,8,FAIL,2,17663,2292911.017,123,99997,3
repeat,100000,100,2048,8,PASS,0,23122,3013982.258,164,99996,4
evict,100000,50,2048,4,FAIL,2,11583,1519179.085,82,99986,14
evict,100000,50,512,8,FAIL,2,11030,1482479.427,22,99979,21
evict,100000,50,256,7,FAIL,2,10793,1485179.179,11,99990,10
evict,100000,50,512,5,FAIL,2,11114,1489337.882,22,99986,14
repeat,100000,50,2048,7,FAIL,2,11336,1510221.130,82,99987,13
evict,100000,50,1024,8,FAIL,2,11325,1498655.949,42,99978,22
evict,100000,50,256,8,FAIL,2,10960,1486946.350,11,99986,14
repeat,100000,50,2048,6,FAIL,2,11492,1516188.066,82,99981,19
repeat,100000,100,2048,1,FAIL,2,22999,3022955.271,164,99996,4
repeat,100000,30,2048,3,FAIL,2,6875,911957.808,50,99965,35
evict,100000,50,4096,7,FAIL,2,11875,1547782.269,165,99974,26
repeat,100000,50,2048,5,FAIL,2,11417,1510731.809,84,99987,13
evict,100000,50,4096,10,FAIL,2,11752,1542938.851,163,99979,21
evict,100000,50,2048,1,FAIL,2,11516,1529831.337,83,99990,10
repeat,100000,30,2048,5,FAIL,2,6996,916639.364,49,99976,24
evict,100000,50,512,10,FAIL,2,10957,1486762.094,21,99942,58
evict,100000,50,2048,7,FAIL,2,11666,1525023.755,83,99989,11
repeat,100000,75,2048,10,FAIL,2,17533,2298338.508,123,99997,3
repeat,100000,75,2048,9,FAIL,2,17666,2314514.862,123,99997,3
repeat,100000,20,2048,6,FAIL,2,4338,602390.357,33,99918,82
evict,100000,50,256,5,FAIL,2,10875,1477504.879,11,99988,12
evict,100000,50,256,4,FAIL,2,10707,1471768.228,12,99983,17
evict,100000,50,512,6,FAIL,2,10988,1494919.723,21,99982,18
evict,100000,50,256,1,FAIL,2,11875,1568489.511,12,99953,47
repeat,100000,100,2048,6,FAIL,2,23335,3039730.985,164,99999,1
repeat,100000,50,2048,2,FAIL,2,11373,1510134.809,82,99979,21
repeat,100000,50,2048,9,FAIL,2,11670,1543175.997,82,99990,10
evict,100000,50,512,7,FAIL,2,11083,1494938.149,22,99989,11
evict,100000,50,2048,6,FAIL,2,11422,1510297.634,82,99981,19
evict,100000,50,512,1,FAIL,2,11084,1488526.919,21,99989,11
evict,100000,50,2048,10,FAIL,2,11331,1515307.144,83,99987,13
repeat,100000,10,2048,9,FAIL,2,2166,303255.112,16,99970,30
